year,age,men,women
1989,0,370680,354974
1989,1,379109,362729
1989,2,397772,381864
1989,3,387079,374154
1989,4,399224,383125
1989,5,403120,390385
1989,6,374190,361074
1989,7,361379,349656
1989,8,374245,360196
1989,9,366513,353263
1989,10,365252,353444
1989,11,358882,348483
1989,12,374373,363147
1989,13,369002,359436
1989,14,367348,357371
1989,15,372240,354567
1989,16,386514,368871
1989,17,377658,355397
1989,18,350223,343807
1989,19,321252,318730
1989,20,328366,327607
1989,21,331818,325406
1989,22,340749,335322
1989,23,332679,329902
1989,24,350974,349593
1989,25,373758,375162
1989,26,386940,390165
1989,27,395429,397253
1989,28,412097,417496
1989,29,401412,407403
1989,30,403062,410270
1989,31,391578,398415
1989,32,383800,394610
1989,33,367004,378197
1989,34,378785,393285
1989,35,353831,368733
1989,36,367021,383364
1989,37,364720,378440
1989,38,362303,381820
1989,39,378533,403483
1989,40,331739,353979
1989,41,287001,308456
1989,42,284709,309668
1989,43,181163,202009
1989,44,210991,237363
1989,45,198678,222868
1989,46,246684,281601
1989,47,337941,381218
1989,48,342251,390299
1989,49,378488,440594
1989,50,405192,475089
1989,51,428888,490721
1989,52,352047,405164
1989,53,302219,341309
1989,54,237263,266450
1989,55,201486,236385
1989,56,248080,307450
1989,57,259637,316730
1989,58,312694,398160
1989,59,294377,380545
1989,60,309841,415195
1989,61,289783,392852
1989,62,252197,396793
1989,63,222412,379047
1989,64,200714,374278
1989,65,176425,337763
1989,66,144950,307433
1989,67,131395,265449
1989,68,108535,226483
1989,69,102297,219660
1989,70,104614,231430
1989,71,64816,145290
1989,72,68603,163322
1989,73,81736,193466
1989,74,100189,260239
1989,75,91415,222941
1989,76,93374,252503
1989,77,76578,190244
1989,78,73652,208216
1989,79,59937,156056
1989,80 і старше,285892,878031
1989,Вік невідомий,3311,3578
1990,0,352522,335605
1990,1,380267,362021
1990,2,379354,362989
1990,3,398030,382896
1990,4,386286,374139
1990,5,397974,382253
1990,6,404597,391306
1990,7,374984,361085
1990,8,362209,350422
1990,9,374491,360813
1990,10,366802,353209
1990,11,364897,353218
1990,12,358238,348047
1990,13,374567,363691
1990,14,368090,359195
1990,15,370365,359739
1990,16,373279,356708
1990,17,388531,372229
1990,18,370674,353298
1990,19,346604,342551
1990,20,324792,319683
1990,21,327289,328804
1990,22,335241,326939
1990,23,339661,335874
1990,24,331750,331207
1990,25,351303,351115
1990,26,373741,377202
1990,27,386329,391416
1990,28,394856,399436
1990,29,411831,415661
1990,30,402297,411428
1990,31,396902,405249
1990,32,390979,399770
1990,33,381487,394305
1990,34,364733,377968
1990,35,376286,391994
1990,36,349901,366551
1990,37,368623,386077
1990,38,363619,379263
1990,39,361510,382355
1990,40,380440,406468
1990,41,320468,344694
1990,42,287632,311224
1990,43,274546,302055
1990,44,179601,201856
1990,45,214931,241642
1990,46,194441,219606
1990,47,254314,289885
1990,48,329383,375044
1990,49,342436,392971
1990,50,375421,441018
1990,51,400020,472350
1990,52,424131,488750
1990,53,344653,400038
1990,54,297453,338658
1990,55,227760,259023
1990,56,197711,234948
1990,57,246548,308934
1990,58,261294,322269
1990,59,296344,381177
1990,60,292886,383248
1990,61,301355,410137
1990,62,281255,386798
1990,63,243509,390404
1990,64,214022,372572
1990,65,194055,369345
1990,66,166625,326580
1990,67,138869,301648
1990,68,125330,258182
1990,69,103161,219641
1990,70,100962,227952
1990,71,89877,192789
1990,72,64494,153160
1990,73,64610,157870
1990,74,76812,186416
1990,75,93266,249580
1990,76,84161,209710
1990,77,85727,238935
1990,78,69153,187615
1990,79,67044,170551
1990,80 і старше,293605,906863
1990,Вік невідомий,NA,NA
1991,0,333778,317211
1991,1,352870,336108
1991,2,380815,362501
1991,3,380973,364403
1991,4,399856,384603
1991,5,388243,375319
1991,6,399552,383697
1991,7,406417,392458
1991,8,376274,361647
1991,9,363290,351469
1991,10,375371,361698
1991,11,366655,353101
1991,12,364744,353271
1991,13,357746,347474
1991,14,374246,363743
1991,15,370713,361873
1991,16,370474,360509
1991,17,373295,359332
1991,18,380980,370949
1991,19,365630,353121
1991,20,347904,344178
1991,21,327608,320938
1991,22,328031,329505
1991,23,334884,327443
1991,24,338821,336697
1991,25,331477,332455
1991,26,350885,351914
1991,27,372955,377976
1991,28,385121,391793
1991,29,394029,400022
1991,30,411047,416588
1991,31,400217,411682
1991,32,395306,405736
1991,33,388920,399299
1991,34,380121,394509
1991,35,362767,377784
1991,36,374288,391859
1991,37,347532,366061
1991,38,366680,385506
1991,39,361933,379271
1991,40,359788,382165
1991,41,378105,405966
1991,42,318195,344012
1991,43,285548,310646
1991,44,272612,301801
1991,45,178667,201725
1991,46,213481,241270
1991,47,192795,219183
1991,48,251903,289080
1991,49,326270,374326
1991,50,338858,392104
1991,51,370975,439450
1991,52,394807,470134
1991,53,418136,486483
1991,54,339568,397967
1991,55,292512,336935
1991,56,223704,257476
1991,57,193666,232738
1991,58,241037,305978
1991,59,255486,318779
1991,60,289975,378497
1991,61,284799,378214
1991,62,292726,404468
1991,63,272791,381250
1991,64,235181,384081
1991,65,206176,366123
1991,66,186403,361951
1991,67,159570,319453
1991,68,132673,294555
1991,69,119385,251871
1991,70,97838,213251
1991,71,95210,219843
1991,72,84645,187088
1991,73,60080,146227
1991,74,60053,150659
1991,75,71019,177005
1991,76,85579,236197
1991,77,76807,197261
1991,78,77666,223593
1991,79,62137,173689
1991,80 і старше,307277,927799
1991,Вік невідомий,NA,NA
1992,0,323446,306206
1992,1,334189,317853
1992,2,353785,336926
1992,3,381403,363292
1992,4,382792,365966
1992,5,401783,386492
1992,6,390194,376972
1992,7,401494,385380
1992,8,408323,393959
1992,9,377838,362668
1992,10,364622,352761
1992,11,376444,362966
1992,12,366726,353449
1992,13,364807,353629
1992,14,357491,347551
1992,15,374181,365206
1992,16,369112,361197
1992,17,367363,359998
1992,18,368554,357441
1992,19,377177,370050
1992,20,366423,353665
1992,21,349032,345047
1992,22,327609,321929
1992,23,328258,330376
1992,24,334025,328389
1992,25,339005,337935
1992,26,332130,334073
1992,27,351417,353376
1992,28,373653,379356
1992,29,385500,393096
1992,30,394986,402092
1992,31,411657,418652
1992,32,400183,412778
1992,33,395446,407149
1992,34,388456,400239
1992,35,380023,395893
1992,36,362359,378668
1992,37,373866,392693
1992,38,346571,366357
1992,39,365599,385950
1992,40,361097,380153
1992,41,358791,382769
1992,42,376598,406294
1992,43,316296,343736
1992,44,283821,310586
1992,45,270898,301790
1992,46,177521,201717
1992,47,211414,240828
1992,48,190735,218674
1992,49,249195,288270
1992,50,322887,374041
1992,51,335262,391603
1992,52,366494,438301
1992,53,389437,468282
1992,54,411817,484357
1992,55,333977,396204
1992,56,287236,335125
1992,57,219356,255931
1992,58,189212,230564
1992,59,235274,303124
1992,60,249199,315467
1992,61,283333,375918
1992,62,276023,373128
1992,63,283544,398838
1992,64,263811,375550
1992,65,226511,377590
1992,66,197956,359213
1992,67,178090,353847
1992,68,151766,311860
1992,69,126084,286628
1992,70,112974,244720
1992,71,92072,206069
1992,72,89214,211005
1992,73,79054,180936
1992,74,55534,138758
1992,75,55279,143086
1992,76,64846,167408
1992,77,77748,222325
1992,78,69284,184061
1992,79,69543,207501
1992,80 і старше,312339,954858
1992,Вік невідомий,NA,NA
1993,0,304090,289309
1993,1,324756,307991
1993,2,337063,320814
1993,3,356329,339812
1993,4,383551,365980
1993,5,386321,369634
1993,6,405467,390279
1993,7,393759,380530
1993,8,404708,389006
1993,9,411584,397189
1993,10,380618,365332
1993,11,367179,355482
1993,12,378614,365521
1993,13,367904,355224
1993,14,365882,355517
1993,15,358845,350736
1993,16,374833,367608
1993,17,367295,366294
1993,18,365774,362271
1993,19,366005,356784
1993,20,378656,369548
1993,21,369513,354731
1993,22,351533,344673
1993,23,329051,322407
1993,24,330246,331868
1993,25,335118,330453
1993,26,340457,340440
1993,27,334105,336926
1993,28,352901,356339
1993,29,375046,382508
1993,30,387204,396821
1993,31,396771,405776
1993,32,413373,422398
1993,33,401164,415598
1993,34,396591,410205
1993,35,388837,402646
1993,36,380642,398637
1993,37,362400,380663
1993,38,373992,394754
1993,39,346088,367953
1993,40,364696,387656
1993,41,360671,382215
1993,42,358210,384295
1993,43,375227,407537
1993,44,314898,344436
1993,45,282510,311054
1993,46,269846,302404
1993,47,176357,202032
1993,48,209575,240586
1993,49,188784,218277
1993,50,246537,287906
1993,51,319573,374031
1993,52,331475,391443
1993,53,361419,437339
1993,54,383329,466550
1993,55,405061,482534
1993,56,328283,394410
1993,57,281700,333335
1993,58,214753,254111
1993,59,184723,228070
1993,60,229156,299757
1993,61,242428,311696
1993,62,275883,372345
1993,63,266672,367469
1993,64,273448,392463
1993,65,253711,368766
1993,66,217365,370156
1993,67,188832,351539
1993,68,169545,344906
1993,69,143809,303075
1993,70,119165,277678
1993,71,106334,236840
1993,72,86341,198123
1993,73,82953,201636
1993,74,73529,173909
1993,75,51188,131008
1993,76,50586,134712
1993,77,58893,156912
1993,78,70005,206922
1993,79,61787,170097
1993,80 і старше,322768,1007253
1993,Вік невідомий,NA,NA
1994,0,285432,271320
1994,1,303171,288476
1994,2,324720,308220
1994,3,337636,321312
1994,4,356740,340226
1994,5,383504,365947
1994,6,387518,370667
1994,7,407022,391539
1994,8,395274,381709
1994,9,406042,390219
1994,10,413040,398116
1994,11,381542,365915
1994,12,368044,356304
1994,13,379275,366153
1994,14,367537,355060
1994,15,365995,356128
1994,16,358077,350530
1994,17,372915,365725
1994,18,365643,364649
1994,19,363223,359763
1994,20,364647,354307
1994,21,376790,366861
1994,22,365740,352686
1994,23,349496,343939
1994,24,326750,322201
1994,25,328226,331402
1994,26,332717,330192
1994,27,338847,340503
1994,28,333120,337397
1994,29,351654,356848
1994,30,374038,382963
1994,31,385887,397323
1994,32,395856,406593
1994,33,412473,423441
1994,34,399429,415760
1994,35,395269,410803
1994,36,386591,402624
1994,37,379013,399060
1994,38,360446,380590
1994,39,371649,394690
1994,40,343347,367480
1994,41,361623,387091
1994,42,357961,382236
1994,43,355318,384000
1994,44,371822,406697
1994,45,311344,343329
1994,46,279184,310159
1994,47,266421,301662
1994,48,173973,201549
1994,49,206497,239632
1994,50,185685,217315
1994,51,242379,286557
1994,52,314173,372712
1994,53,325828,389889
1994,54,354404,435027
1994,55,375446,463545
1994,56,396494,479300
1994,57,320752,391222
1994,58,274551,330451
1994,59,208923,251561
1994,60,179135,225036
1994,61,222058,295789
1994,62,234379,307126
1994,63,267080,368097
1994,64,255929,360725
1994,65,261679,384930
1994,66,242007,361153
1994,67,206723,361355
1994,68,179104,342626
1994,69,160018,334709
1994,70,135180,293419
1994,71,111461,267749
1994,72,99135,227900
1994,73,80116,189488
1994,74,76297,191200
1994,75,67256,165732
1994,76,46401,122656
1994,77,45627,125665
1994,78,52558,145292
1994,79,61874,190419
1994,80 і старше,319915,1013689
1994,Вік невідомий,NA,NA
1995,0,264999,250881
1995,1,282728,269050
1995,2,301325,286640
1995,3,322937,306621
1995,4,336324,320094
1995,5,355133,338489
1995,6,381270,363951
1995,7,386555,369783
1995,8,406583,390814
1995,9,394892,381012
1995,10,405590,389577
1995,11,412724,397363
1995,12,380977,364926
1995,13,367630,355837
1995,14,378468,365485
1995,15,365790,353928
1995,16,364008,354636
1995,17,353787,347275
1995,18,370531,363613
1995,19,363353,361573
1995,20,361515,356396
1995,21,361085,350406
1995,22,371466,361746
1995,23,361073,349189
1995,24,346558,341636
1995,25,323306,320005
1995,26,325299,329028
1995,27,328780,327839
1995,28,335324,338452
1995,29,330000,335578
1995,30,348135,354842
1995,31,370585,381030
1995,32,381967,395382
1995,33,392688,405244
1995,34,409141,422063
1995,35,395438,413698
1995,36,391605,409367
1995,37,382141,400655
1995,38,375108,397657
1995,39,356211,378760
1995,40,366985,392701
1995,41,338793,365359
1995,42,356515,384802
1995,43,353204,380596
1995,44,350558,382193
1995,45,366059,404425
1995,46,306386,341017
1995,47,274290,307905
1995,48,261590,299820
1995,49,170755,200335
1995,50,202355,237874
1995,51,182015,215933
1995,52,237245,284336
1995,53,307444,370264
1995,54,318699,387022
1995,55,345932,431039
1995,56,366257,458768
1995,57,385897,474187
1995,58,311679,386677
1995,59,266392,326221
1995,60,201835,248014
1995,61,172572,221408
1995,62,213872,290765
1995,63,225427,301594
1995,64,257201,362546
1995,65,244176,352670
1995,66,249257,375850
1995,67,229704,352061
1995,68,195001,351172
1995,69,168800,332133
1995,70,149839,322754
1995,71,126176,282282
1995,72,103450,256215
1995,73,91806,217843
1995,74,73765,179803
1995,75,69499,179504
1995,76,61195,156439
1995,77,41808,113371
1995,78,40625,115971
1995,79,46474,132742
1995,80 і старше,317800,1030938
1995,Вік невідомий,NA,NA
1996,0,250479,236676
1996,1,263180,249512
1996,2,281100,267414
1996,3,299949,285344
1996,4,321683,305396
1996,5,335594,319309
1996,6,353807,337163
1996,7,379412,362256
1996,8,385840,368925
1996,9,406427,390389
1996,10,394652,380500
1996,11,405397,389242
1996,12,412510,396778
1996,13,380570,364009
1996,14,367145,355330
1996,15,377661,364968
1996,16,363860,352346
1996,17,360430,351477
1996,18,352000,345168
1996,19,368454,361534
1996,20,362455,359317
1996,21,359047,353446
1996,22,356200,346177
1996,23,366709,358266
1996,24,357901,347047
1996,25,344876,340401
1996,26,320834,318542
1996,27,323321,327110
1996,28,325520,326103
1996,29,332680,336787
1996,30,327518,334323
1996,31,345120,353296
1996,32,367531,379417
1996,33,378667,393604
1996,34,389681,404158
1996,35,405822,420780
1996,36,391428,411739
1996,37,387957,407895
1996,38,377833,398588
1996,39,371267,396033
1996,40,351739,376835
1996,41,362150,390820
1996,42,333872,363236
1996,43,351230,382520
1996,44,348165,378898
1996,45,345154,380194
1996,46,360270,401970
1996,47,301201,338513
1996,48,269204,305508
1996,49,256544,297798
1996,50,166947,198840
1996,51,197974,236160
1996,52,177897,214184
1996,53,231583,281956
1996,54,300051,367402
1996,55,310641,383745
1996,56,336827,426999
1996,57,355797,453658
1996,58,374633,468527
1996,59,302140,381818
1996,60,257036,321703
1996,61,194562,244322
1996,62,165776,217421
1996,63,205052,285364
1996,64,215510,295504
1996,65,246428,356327
1996,66,231857,344131
1996,67,236227,366263
1996,68,216780,342638
1996,69,183382,340425
1996,70,158068,320928
1996,71,139584,310284
1996,72,116814,270418
1996,73,95456,244294
1996,74,84494,207160
1996,75,67286,169757
1996,76,62828,167799
1996,77,55120,146920
1996,78,37072,103992
1996,79,35788,105970
1996,80 і старше,299900,994582
1996,Вік невідомий,NA,NA
1997,0,238069,223722
1997,1,249187,235812
1997,2,261996,248321
1997,3,279237,265608
1997,4,298517,283960
1997,5,320106,304016
1997,6,334347,318052
1997,7,352098,335640
1997,8,377330,360063
1997,9,384894,367810
1997,10,405921,389593
1997,11,394136,379739
1997,12,404820,388483
1997,13,412112,396023
1997,14,379873,362874
1997,15,366407,354636
1997,16,376428,363989
1997,17,360852,349730
1997,18,359320,349844
1997,19,349945,342511
1997,20,367624,359133
1997,21,360415,356512
1997,22,354868,349225
1997,23,351351,342443
1997,24,361829,354659
1997,25,353853,344898
1997,26,342434,338975
1997,27,317662,316833
1997,28,320799,325092
1997,29,321728,323808
1997,30,329313,334698
1997,31,324398,332722
1997,32,341593,351500
1997,33,363853,377541
1997,34,374596,391244
1997,35,386046,402586
1997,36,401932,419094
1997,37,387130,409420
1997,38,383647,406001
1997,39,372784,396131
1997,40,366600,394175
1997,41,346904,374585
1997,42,357193,388550
1997,43,328697,360718
1997,44,345604,379875
1997,45,342597,376774
1997,46,339726,377827
1997,47,354059,399210
1997,48,295479,335628
1997,49,263790,302902
1997,50,250661,295428
1997,51,163297,197352
1997,52,193327,234231
1997,53,173589,212407
1997,54,225687,279273
1997,55,292462,364181
1997,56,302482,380204
1997,57,327290,422376
1997,58,344936,447954
1997,59,362915,462538
1997,60,291737,376430
1997,61,247569,316832
1997,62,186949,240264
1997,63,158681,213238
1997,64,196121,279548
1997,65,205564,289106
1997,66,235986,349838
1997,67,219788,335044
1997,68,222757,355970
1997,69,203737,332495
1997,70,171692,328968
1997,71,147558,309368
1997,72,129220,297473
1997,73,107733,257993
1997,74,87658,231812
1997,75,77429,196021
1997,76,60936,159563
1997,77,56339,155687
1997,78,49405,137121
1997,79,32638,94792
1997,80 і старше,275951,937156
1997,Вік невідомий,NA,NA
1998,0,224714,212900
1998,1,237505,223809
1998,2,248608,235542
1998,3,261033,247378
1998,4,277710,264187
1998,5,297276,282789
1998,6,318874,302854
1998,7,333454,317267
1998,8,350896,334342
1998,9,375563,358398
1998,10,384339,367028
1998,11,405720,389181
1998,12,393892,379267
1998,13,404495,388020
1998,14,412075,395419
1998,15,379424,362006
1998,16,365695,354030
1998,17,374872,362434
1998,18,359830,348084
1998,19,357636,347888
1998,20,347654,340368
1998,21,365435,357341
1998,22,356995,353538
1998,23,351538,346533
1998,24,347120,339451
1998,25,357026,351849
1998,26,350310,343290
1998,27,340681,338236
1998,28,315324,315687
1998,29,319027,323503
1998,30,318895,322320
1998,31,326797,333326
1998,32,322040,331625
1998,33,338725,349880
1998,34,360666,376074
1998,35,371196,389436
1998,36,382934,401463
1998,37,398671,417894
1998,38,383125,407409
1998,39,379873,404516
1998,40,368155,393962
1998,41,362727,392678
1998,42,342436,372671
1998,43,352562,386635
1998,44,323903,358395
1998,45,340126,377447
1998,46,337762,374990
1998,47,334591,375670
1998,48,348260,396513
1998,49,290000,333056
1998,50,258468,300566
1998,51,245677,293406
1998,52,159977,196022
1998,53,188792,232334
1998,54,169379,210620
1998,55,219931,276590
1998,56,285307,361168
1998,57,294716,376742
1998,58,318180,417855
1998,59,334641,442494
1998,60,350429,456529
1998,61,281735,371202
1998,62,238582,312157
1998,63,179523,236264
1998,64,151914,208937
1998,65,187402,273776
1998,66,196051,282808
1998,67,225384,343153
1998,68,207739,326060
1998,69,209963,345612
1998,70,191285,321959
1998,71,160457,317361
1998,72,137343,297272
1998,73,119446,284518
1998,74,99180,245616
1998,75,80041,219007
1998,76,70647,184662
1998,77,55016,148957
1998,78,50269,143335
1998,79,44103,127499
1998,80 і старше,253722,876964
1998,Вік невідомий,NA,NA
1999,0,212834,202058
1999,1,223148,211842
1999,2,237507,224340
1999,3,248102,235317
1999,4,259867,246405
1999,5,276106,262716
1999,6,296011,281616
1999,7,317589,301600
1999,8,332602,316225
1999,9,349501,333073
1999,10,373659,356465
1999,11,383733,366169
1999,12,405404,388543
1999,13,393580,378606
1999,14,403923,387478
1999,15,411777,394803
1999,16,378743,360996
1999,17,364473,352884
1999,18,374121,361654
1999,19,358012,345813
1999,20,355568,346004
1999,21,344823,338107
1999,22,362256,354337
1999,23,354568,350990
1999,24,348177,343895
1999,25,342678,336573
1999,26,352235,349013
1999,27,346487,341544
1999,28,338445,337153
1999,29,313048,314443
1999,30,317107,322053
1999,31,316070,320620
1999,32,324045,331880
1999,33,319649,330296
1999,34,335727,348274
1999,35,357536,374428
1999,36,367851,387421
1999,37,379908,400159
1999,38,395349,416575
1999,39,379223,405286
1999,40,375928,402861
1999,41,363724,391809
1999,42,358762,391143
1999,43,338184,370747
1999,44,347959,384606
1999,45,319078,356074
1999,46,334979,374999
1999,47,332969,373129
1999,48,329680,373348
1999,49,342531,393790
1999,50,284581,330338
1999,51,253488,298100
1999,52,241017,291345
1999,53,156649,194717
1999,54,184478,230435
1999,55,165203,208778
1999,56,214543,273819
1999,57,278362,358107
1999,58,287565,373149
1999,59,309356,413160
1999,60,324024,436930
1999,61,338957,450637
1999,62,272090,365836
1999,63,230017,307352
1999,64,172573,232261
1999,65,145358,204498
1999,66,178988,267843
1999,67,186787,276153
1999,68,215301,336036
1999,69,196142,316421
1999,70,197585,334806
1999,71,179130,310978
1999,72,149721,305355
1999,73,127702,284984
1999,74,110216,270795
1999,75,91076,232523
1999,76,72856,206210
1999,77,63951,173258
1999,78,49490,138542
1999,79,44601,131060
1999,80 і старше,246404,856775
1999,Вік невідомий,NA,NA
2000,0,198354,186626
2000,1,211574,201520
2000,2,222025,210955
2000,3,237571,224936
2000,4,247730,235171
2000,5,258911,245649
2000,6,274767,261421
2000,7,295126,280635
2000,8,316689,300710
2000,9,332133,315643
2000,10,348546,332038
2000,11,372185,355096
2000,12,383486,365679
2000,13,405515,388381
2000,14,393611,378294
2000,15,403743,387170
2000,16,411699,394344
2000,17,378173,359877
2000,18,364007,352268
2000,19,373278,360957
2000,20,356040,344301
2000,21,353246,344551
2000,22,342278,336205
2000,23,359744,352897
2000,24,351949,349131
2000,25,344642,341768
2000,26,337944,334177
2000,27,347419,346611
2000,28,342767,340297
2000,29,336524,336734
2000,30,310539,313684
2000,31,315051,320986
2000,32,313033,319463
2000,33,321395,330804
2000,34,317269,329579
2000,35,332848,347162
2000,36,354366,373351
2000,37,364536,385932
2000,38,376970,399262
2000,39,392200,415637
2000,40,375160,403527
2000,41,372181,401504
2000,42,359431,389912
2000,43,354779,389834
2000,44,333954,369013
2000,45,343351,382852
2000,46,314360,353876
2000,47,329705,372773
2000,48,328141,371416
2000,49,324565,371216
2000,50,336486,391172
2000,51,279460,327918
2000,52,248474,295800
2000,53,236132,289317
2000,54,153343,193346
2000,55,179927,228545
2000,56,161042,206984
2000,57,208991,271191
2000,58,271361,355048
2000,59,279809,369619
2000,60,299927,408422
2000,61,313367,431414
2000,62,327025,444500
2000,63,262164,360518
2000,64,221053,302361
2000,65,165209,227940
2000,66,138717,199954
2000,67,170418,261512
2000,68,177319,269136
2000,69,204863,328520
2000,70,184143,306400
2000,71,184966,323666
2000,72,167102,299588
2000,73,138864,292525
2000,74,117890,272000
2000,75,100913,256547
2000,76,82848,219074
2000,77,65831,192741
2000,78,57521,161462
2000,79,44127,127666
2000,80 і старше,239860,839577
2000,Вік невідомий,NA,NA
2001,0,197071,184168
2001,1,198423,187455
2001,2,210837,201364
2001,3,220976,210133
2001,4,237644,225509
2001,5,247322,235011
2001,6,257989,244858
2001,7,273400,260128
2001,8,294140,279692
2001,9,315702,299816
2001,10,331620,315015
2001,11,347534,331073
2001,12,370686,353625
2001,13,383189,365171
2001,14,405625,388117
2001,15,393572,377931
2001,16,403599,386913
2001,17,411527,393848
2001,18,377783,358985
2001,19,363604,351763
2001,20,372275,360318
2001,21,353983,342837
2001,22,350922,343085
2001,23,339633,334373
2001,24,357097,351461
2001,25,349116,347411
2001,26,340949,339768
2001,27,333119,331726
2001,28,342493,344152
2001,29,338820,339088
2001,30,334340,336347
2001,31,308037,312903
2001,32,313017,319893
2001,33,309841,318208
2001,34,318609,329704
2001,35,314659,328759
2001,36,329808,345991
2001,37,351159,372165
2001,38,360838,384308
2001,39,373653,398258
2001,40,388346,414590
2001,41,370789,401728
2001,42,367998,400126
2001,43,354633,387964
2001,44,350264,388428
2001,45,328924,367222
2001,46,338163,380942
2001,47,309088,351666
2001,48,323928,370323
2001,49,322727,369489
2001,50,318674,368925
2001,51,330028,388504
2001,52,273695,325215
2001,53,243015,293386
2001,54,230846,287126
2001,55,149568,191840
2001,56,175218,226408
2001,57,156600,204960
2001,58,202994,268305
2001,59,263900,351677
2001,60,271291,365664
2001,61,289832,403356
2001,62,301980,425261
2001,63,314016,437767
2001,64,251695,354592
2001,65,211410,296635
2001,66,157614,223204
2001,67,131880,194985
2001,68,161420,254829
2001,69,167649,261683
2001,70,194230,320309
2001,71,171907,295514
2001,72,171953,311338
2001,73,154197,287521
2001,74,128061,278847
2001,75,108036,257998
2001,76,91396,241536
2001,77,74535,204858
2001,78,58897,178560
2001,79,51234,149110
2001,80 і старше,233160,819486
2001,Вік невідомий,NA,NA
2002,0,183728,174438
2002,1,197079,185763
2002,2,198994,188746
2002,3,211056,201994
2002,4,221367,211030
2002,5,238066,226191
2002,6,247834,235838
2002,7,257962,244903
2002,8,273724,260868
2002,9,294357,279364
2002,10,316649,300977
2002,11,332028,315536
2002,12,346771,330212
2002,13,370864,354080
2002,14,384227,365217
2002,15,405506,388372
2002,16,393151,377438
2002,17,404761,387885
2002,18,411127,392748
2002,19,374993,355587
2002,20,362328,350984
2002,21,369762,358296
2002,22,351105,340829
2002,23,347774,340772
2002,24,336016,331722
2002,25,354896,350699
2002,26,344156,343271
2002,27,337491,337833
2002,28,327280,328745
2002,29,336693,340946
2002,30,334121,337069
2002,31,330255,333923
2002,32,305473,312433
2002,33,310068,318016
2002,34,306126,316619
2002,35,315246,328313
2002,36,311276,327117
2002,37,327768,346457
2002,38,349143,372024
2002,39,356964,382771
2002,40,369648,396724
2002,41,385094,414439
2002,42,366007,399853
2002,43,363359,398058
2002,44,349330,385819
2002,45,344061,385203
2002,46,324947,366721
2002,47,331211,376647
2002,48,303567,348994
2002,49,319408,369660
2002,50,316129,366260
2002,51,312472,366461
2002,52,323229,386388
2002,53,261932,313385
2002,54,240788,295544
2002,55,221485,279364
2002,56,146084,190689
2002,57,171337,225037
2002,58,153392,204736
2002,59,200554,270033
2002,60,258826,350920
2002,61,264158,365121
2002,62,282968,401709
2002,63,291022,418211
2002,64,301358,429757
2002,65,240040,344728
2002,66,200486,287974
2002,67,147240,213973
2002,68,126974,194033
2002,69,153893,248830
2002,70,161253,260677
2002,71,183535,311727
2002,72,160182,285186
2002,73,159979,298412
2002,74,141638,276475
2002,75,116753,263130
2002,76,98519,244605
2002,77,82195,224247
2002,78,66164,189235
2002,79,52524,163548
2002,80 і старше,234688,826089
2002,Вік невідомий,9703,9957
2003,0,199843,187485
2003,1,191369,180303
2003,2,196710,185668
2003,3,198668,188445
2003,4,209971,201078
2003,5,219654,209152
2003,6,237418,225813
2003,7,246624,234581
2003,8,256753,243886
2003,9,271680,258693
2003,10,292877,278477
2003,11,314397,298595
2003,12,330703,314131
2003,13,346266,329752
2003,14,368662,351823
2003,15,382274,364106
2003,16,405055,387397
2003,17,393133,377188
2003,18,402931,386329
2003,19,411002,392925
2003,20,376783,357685
2003,21,362135,350708
2003,22,370022,359067
2003,23,350667,340520
2003,24,347170,340727
2003,25,335314,331647
2003,26,352707,349165
2003,27,344541,344768
2003,28,335554,336870
2003,29,326719,328557
2003,30,335508,341016
2003,31,333130,337100
2003,32,330270,335038
2003,33,303556,311489
2003,34,308873,317835
2003,35,304369,316108
2003,36,313404,327661
2003,37,309606,326993
2003,38,323971,343820
2003,39,344870,369825
2003,40,353497,381391
2003,41,366619,395963
2003,42,380123,412071
2003,43,362087,398323
2003,44,359315,397133
2003,45,344795,384235
2003,46,340918,385168
2003,47,318594,363531
2003,48,327352,376976
2003,49,298487,347402
2003,50,311742,365487
2003,51,310898,364832
2003,52,306216,363888
2003,53,316243,382611
2003,54,261809,319721
2003,55,231387,288099
2003,56,219489,281850
2003,57,141674,188214
2003,58,165331,221583
2003,59,147460,200308
2003,60,189976,261677
2003,61,246700,343151
2003,62,252400,356240
2003,63,268321,391365
2003,64,278182,411225
2003,65,288136,422361
2003,66,230245,341267
2003,67,191984,284033
2003,68,142118,212811
2003,69,117836,184309
2003,70,143380,240252
2003,71,147656,245348
2003,72,171190,300347
2003,73,147860,272509
2003,74,147046,285219
2003,75,130571,261208
2003,76,107181,250343
2003,77,89195,229108
2003,78,74152,210796
2003,79,59428,175824
2003,80 і старше,239782,849969
2003,Вік невідомий,NA,NA
2004,0,208263,197084
2004,1,199124,186965
2004,2,190979,179999
2004,3,196416,185434
2004,4,198398,188220
2004,5,209706,200882
2004,6,219487,208905
2004,7,237154,225572
2004,8,246357,234412
2004,9,256497,243634
2004,10,271428,258466
2004,11,292600,278266
2004,12,314109,298295
2004,13,330399,313882
2004,14,345912,329456
2004,15,368256,351498
2004,16,381841,363789
2004,17,404562,387068
2004,18,392771,376976
2004,19,402400,385886
2004,20,410330,392490
2004,21,375915,357234
2004,22,361177,350130
2004,23,368816,358352
2004,24,349258,339803
2004,25,345601,339938
2004,26,333790,330936
2004,27,350962,348360
2004,28,342801,343982
2004,29,333851,336003
2004,30,324788,327864
2004,31,333629,340227
2004,32,331285,336367
2004,33,328380,334306
2004,34,301726,310714
2004,35,306763,317028
2004,36,302238,315267
2004,37,311030,326776
2004,38,307179,326123
2004,39,321179,342868
2004,40,341443,368636
2004,41,350055,380227
2004,42,362809,394693
2004,43,375856,410632
2004,44,357745,396841
2004,45,354444,395422
2004,46,339976,382533
2004,47,335886,383480
2004,48,313609,361572
2004,49,321816,374926
2004,50,292653,345168
2004,51,305686,363020
2004,52,304490,362341
2004,53,299477,361069
2004,54,309125,379585
2004,55,255360,317018
2004,56,225431,285329
2004,57,213658,278933
2004,58,137588,186112
2004,59,160252,218937
2004,60,142367,197881
2004,61,183171,258055
2004,62,237561,338412
2004,63,242291,350689
2004,64,256956,384751
2004,65,265819,403429
2004,66,274695,413535
2004,67,219160,333646
2004,68,181880,276796
2004,69,134068,206733
2004,70,110493,178571
2004,71,134229,232299
2004,72,137578,236598
2004,73,158920,288470
2004,74,135958,260090
2004,75,134590,270842
2004,76,118758,246746
2004,77,97061,234761
2004,78,80159,213403
2004,79,65957,194286
2004,80 і старше,250422,879346
2004,Вік невідомий,NA,NA
2005,0,217975,205946
2005,1,207607,196618
2005,2,198857,186759
2005,3,190804,179860
2005,4,196262,185319
2005,5,198239,188080
2005,6,209547,200738
2005,7,219375,208777
2005,8,236974,225469
2005,9,246208,234310
2005,10,256315,243510
2005,11,271273,258333
2005,12,292444,278185
2005,13,313925,298185
2005,14,330147,313761
2005,15,345705,329292
2005,16,367954,351294
2005,17,381496,363635
2005,18,404256,386930
2005,19,392337,376696
2005,20,401792,385586
2005,21,409460,392087
2005,22,375099,356759
2005,23,360169,349597
2005,24,367674,357844
2005,25,347913,339184
2005,26,344251,339290
2005,27,332263,330255
2005,28,349346,347712
2005,29,341165,343351
2005,30,332062,335314
2005,31,323041,327312
2005,32,331788,339533
2005,33,329398,335752
2005,34,326363,333634
2005,35,299661,310030
2005,36,304509,316245
2005,37,299776,314416
2005,38,308413,325926
2005,39,304679,325274
2005,40,317886,341862
2005,41,337944,367546
2005,42,346170,379005
2005,43,358559,393345
2005,44,371275,409171
2005,45,352737,395211
2005,46,349485,393710
2005,47,334563,380692
2005,48,330412,381668
2005,49,308251,359613
2005,50,315318,372637
2005,51,286771,343030
2005,52,299215,360546
2005,53,297768,359669
2005,54,292549,358264
2005,55,301043,376274
2005,56,248813,314123
2005,57,219155,282509
2005,58,207612,275987
2005,59,133388,183998
2005,60,154611,216084
2005,61,137102,195373
2005,62,176093,254425
2005,63,228281,333273
2005,64,232196,344745
2005,65,245363,377850
2005,66,253539,395363
2005,67,261316,404580
2005,68,207737,325692
2005,69,171747,269299
2005,70,125976,200596
2005,71,103396,172621
2005,72,125133,224009
2005,73,127900,227460
2005,74,147058,276373
2005,75,124350,247399
2005,76,122477,256208
2005,77,107695,232157
2005,78,87355,219293
2005,79,71556,197753
2005,80 і старше,267676,930258
2005,Вік невідомий,NA,NA
2006,0,217579,204985
2006,1,217384,205498
2006,2,207349,196448
2006,3,198729,186648
2006,4,190661,179803
2006,5,196148,185232
2006,6,198150,187979
2006,7,209467,200656
2006,8,219258,208712
2006,9,236845,225431
2006,10,246116,234228
2006,11,256226,243402
2006,12,271164,258293
2006,13,292269,278099
2006,14,313809,298114
2006,15,329943,313663
2006,16,345527,329183
2006,17,367728,351243
2006,18,381262,363533
2006,19,403894,386773
2006,20,391765,376527
2006,21,401153,385337
2006,22,408616,391697
2006,23,374221,356320
2006,24,359114,349191
2006,25,366454,357336
2006,26,346591,338613
2006,27,342793,338784
2006,28,330769,329753
2006,29,347749,347144
2006,30,339368,342719
2006,31,330267,334687
2006,32,321167,326739
2006,33,329672,338819
2006,34,327443,335139
2006,35,324033,332870
2006,36,297459,309386
2006,37,302153,315475
2006,38,297262,313585
2006,39,305657,325094
2006,40,301459,324332
2006,41,314552,340914
2006,42,334191,366383
2006,43,342054,377686
2006,44,354247,392010
2006,45,366020,407570
2006,46,347682,393572
2006,47,344094,391948
2006,48,329036,378938
2006,49,324642,379768
2006,50,301879,357388
2006,51,308916,370353
2006,52,280428,340847
2006,53,292365,358020
2006,54,290794,356897
2006,55,284976,355307
2006,56,292758,372621
2006,57,242140,310852
2006,58,212871,279493
2006,59,201326,272747
2006,60,128679,181682
2006,61,148499,213074
2006,62,131715,192476
2006,63,168580,250445
2006,64,218641,327803
2006,65,221796,338630
2006,66,233732,370506
2006,67,240636,386906
2006,68,247300,394850
2006,69,196196,317065
2006,70,161314,261213
2006,71,117689,193958
2006,72,96129,166327
2006,73,115989,215034
2006,74,118155,217560
2006,75,134962,263387
2006,76,112926,233931
2006,77,110515,240646
2006,78,96615,216815
2006,79,77771,203101
2006,80 і старше,287184,978310
2006,Вік невідомий,NA,NA
2007,0,234110,222616
2007,1,217030,204542
2007,2,217220,205370
2007,3,207221,196376
2007,4,198636,186589
2007,5,190580,179729
2007,6,196068,185166
2007,7,198055,187915
2007,8,209398,200626
2007,9,219169,208669
2007,10,236773,225390
2007,11,246055,234191
2007,12,256145,243322
2007,13,271065,258226
2007,14,292143,278044
2007,15,313624,298007
2007,16,329802,313591
2007,17,345389,329214
2007,18,367741,351291
2007,19,381214,363550
2007,20,403751,386684
2007,21,391485,376437
2007,22,400733,385126
2007,23,408015,391441
2007,24,373616,356062
2007,25,358246,348870
2007,26,365483,356968
2007,27,345387,338270
2007,28,341520,338252
2007,29,329366,329289
2007,30,346061,346595
2007,31,337704,342130
2007,32,328560,334133
2007,33,319305,326169
2007,34,327792,338180
2007,35,325333,334424
2007,36,321977,332149
2007,37,295363,308700
2007,38,299974,314721
2007,39,294945,312845
2007,40,302700,324206
2007,41,298696,323491
2007,42,311328,339945
2007,43,330557,365201
2007,44,338227,376472
2007,45,349753,390571
2007,46,361297,406083
2007,47,342790,391833
2007,48,338921,390283
2007,49,323676,377214
2007,50,318639,377867
2007,51,296351,355388
2007,52,302774,368123
2007,53,274555,338724
2007,54,285948,355575
2007,55,283785,354108
2007,56,277998,352197
2007,57,285041,369121
2007,58,235452,307891
2007,59,206696,276530
2007,60,194916,269535
2007,61,124158,179491
2007,62,142889,210081
2007,63,126373,189492
2007,64,161511,246257
2007,65,209545,322285
2007,66,211809,332168
2007,67,222386,362831
2007,68,227967,378046
2007,69,233699,384894
2007,70,184848,307741
2007,71,151097,252742
2007,72,109823,186987
2007,73,89100,159842
2007,74,106914,205671
2007,75,108660,207164
2007,76,123539,249873
2007,77,102039,219781
2007,78,99248,224997
2007,79,86204,201054
2007,80 і старше,310717,1029387
2007,Вік невідомий,NA,NA
2008,0,240718,227641
2008,1,233499,222135
2008,2,216802,204352
2008,3,217094,205280
2008,4,207108,196317
2008,5,198521,186528
2008,6,190505,179651
2008,7,195996,185146
2008,8,197945,187852
2008,9,209301,200550
2008,10,219053,208594
2008,11,236681,225359
2008,12,245976,234117
2008,13,256050,243268
2008,14,270895,258157
2008,15,291958,277914
2008,16,313459,297925
2008,17,329736,313604
2008,18,345507,329277
2008,19,367885,351268
2008,20,380988,363454
2008,21,403371,386493
2008,22,390903,376227
2008,23,400080,384838
2008,24,407146,391037
2008,25,372624,355672
2008,26,357352,348506
2008,27,364315,356487
2008,28,343986,337794
2008,29,340018,337708
2008,30,327655,328740
2008,31,344455,345935
2008,32,335710,341417
2008,33,326519,333520
2008,34,317336,325521
2008,35,325596,337412
2008,36,323144,333726
2008,37,319619,331439
2008,38,293124,307906
2008,39,297518,313867
2008,40,291936,311804
2008,41,299775,323255
2008,42,295551,322493
2008,43,307791,338810
2008,44,326641,363933
2008,45,333617,375043
2008,46,345185,388976
2008,47,356070,404396
2008,48,337389,390025
2008,49,333317,388350
2008,50,317325,375178
2008,51,312950,375731
2008,52,290304,353271
2008,53,296220,365634
2008,54,268410,336376
2008,55,278847,352868
2008,56,276668,351064
2008,57,270678,349062
2008,58,276988,365390
2008,59,228713,304709
2008,60,199967,273349
2008,61,187878,266310
2008,62,119641,177100
2008,63,137220,206975
2008,64,121227,186413
2008,65,154184,242026
2008,66,200208,316504
2008,67,201726,325441
2008,68,210942,354691
2008,69,215475,368695
2008,70,220081,374279
2008,71,173528,298133
2008,72,141138,243880
2008,73,101995,179778
2008,74,82329,152942
2008,75,98372,196131
2008,76,99498,196463
2008,77,112306,235830
2008,78,91398,205309
2008,79,88373,209026
2008,80 і старше,339669,1076354
2008,Вік невідомий,NA,NA
2009,0,261138,245204
2009,1,240239,227251
2009,2,233320,222023
2009,3,216723,204291
2009,4,217048,205238
2009,5,207060,196298
2009,6,198498,186482
2009,7,190483,179616
2009,8,195951,185102
2009,9,197910,187829
2009,10,209246,200512
2009,11,219022,208561
2009,12,236647,225326
2009,13,245907,234075
2009,14,255970,243218
2009,15,270771,258063
2009,16,291869,277922
2009,17,313484,297980
2009,18,329868,313700
2009,19,345414,329343
2009,20,367696,351174
2009,21,380421,363306
2009,22,402748,386261
2009,23,390167,376002
2009,24,399171,384548
2009,25,406087,390658
2009,26,371541,355315
2009,27,356152,348083
2009,28,362965,355992
2009,29,342512,337282
2009,30,338302,337118
2009,31,325941,328136
2009,32,342498,345266
2009,33,333578,340636
2009,34,324286,332859
2009,35,315007,324760
2009,36,323346,336640
2009,37,320724,332936
2009,38,317153,330585
2009,39,290627,307045
2009,40,294604,312946
2009,41,289015,310894
2009,42,296643,322177
2009,43,292093,321400
2009,44,304116,337616
2009,45,322371,362581
2009,46,329125,373547
2009,47,340224,387342
2009,48,350740,402611
2009,49,332035,388134
2009,50,327168,386283
2009,51,311300,373106
2009,52,306670,373482
2009,53,284117,351171
2009,54,289551,363198
2009,55,261999,333894
2009,56,271971,349936
2009,57,269374,347896
2009,58,263244,345825
2009,59,268949,361528
2009,60,221494,301340
2009,61,193067,270040
2009,62,181158,262922
2009,63,115098,174553
2009,64,131549,203760
2009,65,115970,183235
2009,66,147123,237608
2009,67,191006,310484
2009,68,191873,318547
2009,69,199673,346068
2009,70,203162,358742
2009,71,206413,362929
2009,72,162323,288143
2009,73,131170,234640
2009,74,94503,172021
2009,75,75706,145828
2009,76,90008,186308
2009,77,90484,185271
2009,78,101542,221483
2009,79,81584,190449
2009,80 і старше,367227,1125853
2009,Вік невідомий,NA,NA
2010,0,262597,245947
2010,1,260723,244938
2010,2,240097,227149
2010,3,233259,221974
2010,4,216676,204230
2010,5,217009,205209
2010,6,207010,196298
2010,7,198442,186465
2010,8,190440,179582
2010,9,195910,185094
2010,10,197860,187794
2010,11,209214,200479
2010,12,218977,208490
2010,13,236588,225284
2010,14,245807,234018
2010,15,255861,243168
2010,16,270710,258045
2010,17,291807,277975
2010,18,313419,297996
2010,19,329649,313673
2010,20,345022,329277
2010,21,367163,351038
2010,22,379818,363145
2010,23,402037,386098
2010,24,389456,375761
2010,25,398324,384282
2010,26,405079,390373
2010,27,370536,355010
2010,28,355053,347710
2010,29,361814,355547
2010,30,341131,336756
2010,31,336872,336573
2010,32,324375,327550
2010,33,340843,344686
2010,34,331881,340039
2010,35,322411,332233
2010,36,313290,324095
2010,37,321350,335965
2010,38,318746,332217
2010,39,315135,329898
2010,40,288582,306336
2010,41,292320,312085
2010,42,286721,309991
2010,43,294074,321304
2010,44,289401,320454
2010,45,300964,336463
2010,46,319019,361302
2010,47,325506,372183
2010,48,336143,385909
2010,49,346272,401020
2010,50,327278,386313
2010,51,322286,384399
2010,52,306220,371174
2010,53,301349,371348
2010,54,278978,349145
2010,55,283576,360845
2010,56,256419,331385
2010,57,265684,347184
2010,58,262783,345012
2010,59,256666,342610
2010,60,261177,357751
2010,61,214581,298035
2010,62,186702,266854
2010,63,174830,259514
2010,64,111001,172130
2010,65,126064,200403
2010,66,110976,180019
2010,67,140355,233091
2010,68,182156,304231
2010,69,182465,311326
2010,70,188631,337232
2010,71,191133,348467
2010,72,193344,351191
2010,73,151783,277696
2010,74,121778,224844
2010,75,87196,164368
2010,76,69439,138549
2010,77,81976,175975
2010,78,81965,173906
2010,79,91499,206655
2010,80 і старше,385384,1154765
2010,Вік невідомий,NA,NA
2011,0,254668,239343
2011,1,262195,245647
2011,2,260595,244842
2011,3,240019,227100
2011,4,233199,221955
2011,5,216641,204213
2011,6,216979,205208
2011,7,206982,196296
2011,8,198415,186452
2011,9,190383,179567
2011,10,195892,185085
2011,11,197828,187763
2011,12,209164,200467
2011,13,218915,208432
2011,14,236498,225247
2011,15,245711,233968
2011,16,255780,243148
2011,17,270626,258058
2011,18,291664,277955
2011,19,313210,297972
2011,20,329341,313643
2011,21,344621,329250
2011,22,366732,350988
2011,23,379253,363074
2011,24,401441,386012
2011,25,388785,375664
2011,26,397609,384146
2011,27,404234,390130
2011,28,369661,354709
2011,29,354050,347384
2011,30,360678,355143
2011,31,339924,336321
2011,32,335484,336065
2011,33,322960,327014
2011,34,339356,344168
2011,35,330174,339520
2011,36,320781,331626
2011,37,311594,323518
2011,38,319614,335292
2011,39,316976,331526
2011,40,313151,329210
2011,41,286624,305616
2011,42,290187,311271
2011,43,284495,309115
2011,44,291731,320455
2011,45,286909,319585
2011,46,298227,335492
2011,47,315767,360104
2011,48,322001,370919
2011,49,332365,384486
2011,50,341983,399414
2011,51,322834,384708
2011,52,317603,382639
2011,53,301444,369229
2011,54,296376,369351
2011,55,273876,347101
2011,56,278064,358427
2011,57,250908,329004
2011,58,259681,344428
2011,59,256392,342033
2011,60,249808,339321
2011,61,253212,353956
2011,62,207853,294567
2011,63,180419,263423
2011,64,168706,255945
2011,65,106803,169553
2011,66,120719,196809
2011,67,106079,176524
2011,68,133802,228164
2011,69,173145,297587
2011,70,172819,303477
2011,71,177589,327569
2011,72,179247,337296
2011,73,180352,338607
2011,74,140884,266577
2011,75,112191,214425
2011,76,79816,156042
2011,77,63313,130785
2011,78,74144,164903
2011,79,73477,162156
2011,80 і старше,408988,1191379
2011,Вік невідомий,NA,NA
2012,0,257319,241656
2012,1,254290,239066
2012,2,262074,245582
2012,3,260546,244779
2012,4,239939,227066
2012,5,233149,221946
2012,6,216621,204201
2012,7,216936,205168
2012,8,206936,196289
2012,9,198393,186452
2012,10,190334,179530
2012,11,195858,185080
2012,12,197795,187741
2012,13,209116,200455
2012,14,218826,208388
2012,15,236412,225189
2012,16,245609,234009
2012,17,255703,243185
2012,18,270496,258075
2012,19,291498,277969
2012,20,312967,297944
2012,21,329008,313646
2012,22,344178,329231
2012,23,366202,350939
2012,24,378657,363051
2012,25,400760,385941
2012,26,388094,375600
2012,27,396835,383957
2012,28,403379,389940
2012,29,368762,354493
2012,30,353100,347076
2012,31,359661,354788
2012,32,338721,335876
2012,33,334152,335636
2012,34,321616,326577
2012,35,337814,343611
2012,36,328526,338982
2012,37,319069,331018
2012,38,309961,322898
2012,39,317870,334662
2012,40,315131,330855
2012,41,311217,328456
2012,42,284671,304963
2012,43,288184,310541
2012,44,282238,308307
2012,45,289325,319650
2012,46,284526,318665
2012,47,295373,334480
2012,48,312563,358933
2012,49,318620,369642
2012,50,328499,383002
2012,51,337729,397779
2012,52,318278,382989
2012,53,312857,380826
2012,54,296711,367328
2012,55,291393,367402
2012,56,268657,345056
2012,57,272406,355974
2012,58,245472,326464
2012,59,253626,341683
2012,60,249987,338987
2012,61,242894,336014
2012,62,245521,349845
2012,63,201110,290886
2012,64,174256,259997
2012,65,162669,252157
2012,66,102762,166960
2012,67,115528,193284
2012,68,101286,173014
2012,69,127251,223259
2012,70,164535,290769
2012,71,163483,295455
2012,72,166737,317885
2012,73,167711,326236
2012,74,167861,325966
2012,75,130738,255213
2012,76,103312,204152
2012,77,72882,147673
2012,78,57494,123047
2012,79,66933,153951
2012,80 і старше,417104,1191133
2012,Вік невідомий,NA,NA
2013,0,266820,250481
2013,1,256967,241404
2013,2,254237,239007
2013,3,262034,245566
2013,4,260473,244798
2013,5,239901,227055
2013,6,233152,221913
2013,7,216603,204225
2013,8,216915,205192
2013,9,206934,196268
2013,10,198396,186444
2013,11,190341,179524
2013,12,195851,185083
2013,13,197747,187721
2013,14,209108,200438
2013,15,218770,208355
2013,16,236427,225219
2013,17,246690,234332
2013,18,258319,244076
2013,19,273728,259220
2013,20,294729,279194
2013,21,315818,299083
2013,22,331707,314764
2013,23,346660,330232
2013,24,368187,351783
2013,25,379888,363524
2013,26,401430,386262
2013,27,388434,375765
2013,28,396799,383941
2013,29,403121,389828
2013,30,368335,354370
2013,31,352408,346882
2013,32,358804,354497
2013,33,337551,335543
2013,34,332918,335290
2013,35,320239,326133
2013,36,336490,343172
2013,37,326979,338471
2013,38,317427,330461
2013,39,308373,322356
2013,40,316163,334019
2013,41,313265,330200
2013,42,309358,327734
2013,43,282691,304269
2013,44,286112,309733
2013,45,279935,307459
2013,46,286933,318761
2013,47,282031,317800
2013,48,292455,333441
2013,49,309205,357747
2013,50,314830,368347
2013,51,324488,381487
2013,52,333299,396061
2013,53,313693,381217
2013,54,308008,378939
2013,55,291432,365271
2013,56,286074,365189
2013,57,263232,342681
2013,58,266584,353371
2013,59,239708,323827
2013,60,246942,338670
2013,61,242998,335628
2013,62,235748,332377
2013,63,237454,345616
2013,64,194243,287067
2013,65,167930,256176
2013,66,156344,248269
2013,67,98619,164270
2013,68,110139,189500
2013,69,96350,169271
2013,70,120662,217977
2013,71,155644,283565
2013,72,154157,287070
2013,73,156121,307428
2013,74,156133,314494
2013,75,155497,312567
2013,76,120691,243573
2013,77,94595,193575
2013,78,66382,139130
2013,79,52039,114835
2013,80 і старше,418850,1183465
2013,Вік невідомий,NA,NA
2014,0,257889,242595
2014,1,266548,250262
2014,2,256882,241358
2014,3,254179,239007
2014,4,262046,245549
2014,5,260462,244798
2014,6,239891,227076
2014,7,233152,221908
2014,8,216593,204219
2014,9,216904,205203
2014,10,206907,196256
2014,11,198396,186433
2014,12,190331,179533
2014,13,195817,185068
2014,14,197721,187706
2014,15,209022,200377
2014,16,218749,208363
2014,17,237163,225503
2014,18,248512,234992
2014,19,260300,244829
2014,20,275158,259828
2014,21,295535,279555
2014,22,316052,299294
2014,23,331823,314809
2014,24,346383,330201
2014,25,367417,351690
2014,26,379178,363496
2014,27,400805,386173
2014,28,387768,375639
2014,29,396090,383828
2014,30,402193,389522
2014,31,367334,354149
2014,32,351448,346607
2014,33,357498,354131
2014,34,336227,335077
2014,35,331379,334836
2014,36,318698,325671
2014,37,334800,342586
2014,38,325320,337837
2014,39,315641,329838
2014,40,306580,321720
2014,41,314187,333319
2014,42,311296,329483
2014,43,307257,326882
2014,44,280695,303490
2014,45,283837,308843
2014,46,277439,306551
2014,47,284282,317791
2014,48,279313,316724
2014,49,289351,332293
2014,50,305482,356388
2014,51,310828,366938
2014,52,320129,379838
2014,53,328553,394277
2014,54,308694,379285
2014,55,302632,376887
2014,56,285917,363106
2014,57,280605,362732
2014,58,257708,340178
2014,59,260524,350555
2014,60,233650,320914
2014,61,239926,335402
2014,62,235560,331975
2014,63,228245,328518
2014,64,229076,341195
2014,65,187222,282891
2014,66,161457,252173
2014,67,149948,244150
2014,68,94415,161332
2014,69,104710,185444
2014,70,91375,165214
2014,71,113936,212300
2014,72,146984,275697
2014,73,145047,278018
2014,74,145579,296706
2014,75,144735,301924
2014,76,143457,298210
2014,77,110720,231267
2014,78,86018,182262
2014,79,60132,130269
2014,80 і старше,406576,1138663
2014,Вік невідомий,NA,NA
2015,0,238366,224682
2015,1,242999,228668
2015,2,251352,236137
2015,3,242605,228069
2015,4,239837,225929
2015,5,247710,232129
2015,6,246323,231388
2015,7,226701,214581
2015,8,221015,210073
2015,9,205474,193518
2015,10,205524,194633
2015,11,196157,186007
2015,12,188441,177059
2015,13,180987,170667
2015,14,186143,175997
2015,15,188196,178592
2015,16,199463,191164
2015,17,209068,199050
2015,18,227882,215982
2015,19,238964,225235
2015,20,249362,234105
2015,21,262876,248278
2015,22,281665,266478
2015,23,300231,284466
2015,24,314504,298698
2015,25,327580,312777
2015,26,346992,332720
2015,27,357886,343352
2015,28,378677,365578
2015,29,366153,355449
2015,30,374537,363599
2015,31,378603,368818
2015,32,344736,335172
2015,33,330345,328029
2015,34,337366,335358
2015,35,317412,317232
2015,36,312900,317055
2015,37,300708,308054
2015,38,316340,324670
2015,39,307408,320373
2015,40,298099,312670
2015,41,289983,305121
2015,42,297047,315906
2015,43,294493,312569
2015,44,290932,310086
2015,45,264845,287265
2015,46,267703,292313
2015,47,261554,290109
2015,48,267525,299869
2015,49,261977,298712
2015,50,271209,313464
2015,51,286262,336222
2015,52,290106,345283
2015,53,299243,357839
2015,54,307062,371535
2015,55,287949,356664
2015,56,281892,354673
2015,57,265436,340788
2015,58,259745,339892
2015,59,237953,317927
2015,60,240081,327319
2015,61,214295,299309
2015,62,219481,312970
2015,63,215888,309863
2015,64,209135,306309
2015,65,209290,317617
2015,66,170980,263530
2015,67,146247,233511
2015,68,135885,226442
2015,69,85535,149626
2015,70,94676,172654
2015,71,82262,153710
2015,72,101567,195742
2015,73,130891,253546
2015,74,128685,254217
2015,75,127910,269803
2015,76,126603,273656
2015,77,124495,268390
2015,78,96104,207491
2015,79,73793,162301
2015,80 і старше,383520,1055101
2015,Вік невідомий,NA,NA
2016,0,211339,197833
2016,1,238053,224436
2016,2,242884,228566
2016,3,251286,236070
2016,4,242525,228012
2016,5,239790,225895
2016,6,247658,232081
2016,7,246292,231359
2016,8,226677,214535
2016,9,220970,210041
2016,10,205415,193481
2016,11,205494,194605
2016,12,196088,185961
2016,13,188378,177020
2016,14,180933,170616
2016,15,186068,175950
2016,16,188132,178596
2016,17,199667,191300
2016,18,209887,199416
2016,19,228717,216345
2016,20,239365,225479
2016,21,249004,234132
2016,22,262351,248210
2016,23,281119,266380
2016,24,299627,284254
2016,25,313751,298618
2016,26,326933,312701
2016,27,346300,332604
2016,28,357229,343228
2016,29,377924,365398
2016,30,365389,355317
2016,31,373599,363325
2016,32,377596,368473
2016,33,343652,334841
2016,34,329211,327713
2016,35,336112,334930
2016,36,316073,316770
2016,37,311492,316567
2016,38,299213,307561
2016,39,314648,324098
2016,40,305622,319800
2016,41,296250,312008
2016,42,288153,304467
2016,43,295105,315155
2016,44,292515,311807
2016,45,288882,309322
2016,46,262769,286474
2016,47,265315,291439
2016,48,259160,289260
2016,49,264886,298893
2016,50,259215,297676
2016,51,268174,312280
2016,52,282787,334969
2016,53,286276,343840
2016,54,295213,356263
2016,55,302282,369718
2016,56,283130,354777
2016,57,276830,352682
2016,58,260318,338471
2016,59,254431,337497
2016,60,232462,315462
2016,61,233782,324457
2016,62,208379,296363
2016,63,212821,309520
2016,64,208929,306173
2016,65,202140,302258
2016,66,201406,312895
2016,67,164310,259283
2016,68,140031,229249
2016,69,129849,222131
2016,70,81538,146446
2016,71,89398,168292
2016,72,77468,149507
2016,73,95195,189839
2016,74,122876,245425
2016,75,119964,245102
2016,76,118369,258565
2016,77,116399,261038
2016,78,113614,254250
2016,79,87444,195204
2016,80 і старше,397353,1072024
2016,Вік невідомий,NA,NA
2017,0,203793,190833
2017,1,211045,197600
2017,2,237929,224336
2017,3,242802,228506
2017,4,251201,236030
2017,5,242467,227967
2017,6,239738,225856
2017,7,247603,232042
2017,8,246238,231335
2017,9,226623,214511
2017,10,220944,210020
2017,11,205363,193450
2017,12,205461,194569
2017,13,196045,185932
2017,14,188298,176999
2017,15,180859,170565
2017,16,185990,175922
2017,17,188144,178590
2017,18,199959,191425
2017,19,210527,199650
2017,20,229118,216485
2017,21,239503,225537
2017,22,249094,234150
2017,23,262233,248188
2017,24,280918,266346
2017,25,299374,284191
2017,26,313398,298552
2017,27,326497,312544
2017,28,345782,332446
2017,29,356606,343069
2017,30,377087,365195
2017,31,364603,355062
2017,32,372641,363038
2017,33,376464,368133
2017,34,342549,334493
2017,35,327960,327331
2017,36,334798,334485
2017,37,314568,316292
2017,38,309988,315973
2017,39,297602,307015
2017,40,312866,323495
2017,41,303838,319180
2017,42,294323,311309
2017,43,286146,303723
2017,44,293019,314366
2017,45,290310,310935
2017,46,286619,308488
2017,47,260553,285635
2017,48,262840,290464
2017,49,256572,288226
2017,50,262022,297829
2017,51,256251,296576
2017,52,264837,311045
2017,53,279060,333552
2017,54,282185,342221
2017,55,290839,354529
2017,56,297343,367794
2017,57,278088,352696
2017,58,271496,350322
2017,59,254987,335932
2017,60,248445,334890
2017,61,226389,312671
2017,62,227425,321405
2017,63,202048,293211
2017,64,205987,305914
2017,65,201870,302297
2017,66,195133,297971
2017,67,193619,307848
2017,68,157589,254805
2017,69,133813,224800
2017,70,123737,217524
2017,71,77479,143022
2017,72,84158,163586
2017,73,72744,144936
2017,74,88760,183513
2017,75,114938,236587
2017,76,111518,235294
2017,77,108821,246807
2017,78,106602,247748
2017,79,103244,239585
2017,80 і старше,424255,1122931
2017,Вік невідомий,NA,NA
2018,0,186249,175540
2018,1,203612,190704
2018,2,210970,197562
2018,3,237860,224277
2018,4,242735,228464
2018,5,251130,235993
2018,6,242412,227890
2018,7,239702,225812
2018,8,247559,231999
2018,9,246176,231298
2018,10,226564,214495
2018,11,220909,209978
2018,12,205307,193413
2018,13,205406,194548
2018,14,196012,185914
2018,15,188228,176981
2018,16,180824,170569
2018,17,186186,176019
2018,18,189258,179078
2018,19,201471,192029
2018,20,211406,200108
2018,21,229126,216597
2018,22,238811,225470
2018,23,248375,233980
2018,24,261652,247985
2018,25,280177,266164
2018,26,298720,284077
2018,27,312702,298394
2018,28,325929,312426
2018,29,345074,332287
2018,30,355862,342871
2018,31,376261,364935
2018,32,363707,354801
2018,33,371652,362715
2018,34,375315,367803
2018,35,341427,334104
2018,36,326819,326940
2018,37,333438,333962
2018,38,313194,315779
2018,39,308440,315414
2018,40,295959,306413
2018,41,311141,322915
2018,42,302079,318522
2018,43,292295,310582
2018,44,284147,302993
2018,45,291008,313573
2018,46,288046,310065
2018,47,284217,307611
2018,48,258279,284748
2018,49,260336,289547
2018,50,253738,287181
2018,51,259091,296697
2018,52,253238,295429
2018,53,261415,309729
2018,54,275157,332060
2018,55,277815,340567
2018,56,286253,352807
2018,57,292336,365746
2018,58,272802,350588
2018,59,265998,347866
2018,60,249164,333426
2018,61,242464,332184
2018,62,220318,309794
2018,63,220974,318175
2018,64,195975,290001
2018,65,199191,302232
2018,66,194822,298194
2018,67,187846,293508
2018,68,185654,302423
2018,69,150706,249945
2018,70,127622,220123
2018,71,117577,212546
2018,72,73484,139598
2018,73,78939,158533
2018,74,68046,140106
2018,75,82581,176816
2018,76,107218,227786
2018,77,103162,225131
2018,78,99682,234596
2018,79,97145,234156
2018,80 і старше,463603,1214299
2018,Вік невідомий,NA,NA
